#TandemRepeatIdentifier v.1.0.0. Settings: motif_length: 3, min_reps: 3.
genome	motif	genomesize	start	end	sequence	strand
NC_045512.2 Severe acute respiratory syndrome coronavirus 2 isolate Wuhan-Hu-1, complete genome	AAC	29903	28989	28997	AACAACAAC	+
NC_045512.2 Severe acute respiratory syndrome coronavirus 2 isolate Wuhan-Hu-1, complete genome	AAG	29903	3057	3065	AAGAAGAAG	+
NC_045512.2 Severe acute respiratory syndrome coronavirus 2 isolate Wuhan-Hu-1, complete genome	AAG	29903	3075	3083	AAGAAGAAG	+
NC_045512.2 Severe acute respiratory syndrome coronavirus 2 isolate Wuhan-Hu-1, complete genome	AAG	29903	3189	3197	AAGAAGAAG	+
NC_045512.2 Severe acute respiratory syndrome coronavirus 2 isolate Wuhan-Hu-1, complete genome	AAG	29903	29390	29398	AAGAAGAAG	+
NC_045512.2 Severe acute respiratory syndrome coronavirus 2 isolate Wuhan-Hu-1, complete genome	AAT	29903	25758	25766	AATAATAAT	+
NC_045512.2 Severe acute respiratory syndrome coronavirus 2 isolate Wuhan-Hu-1, complete genome	ACA	29903	28990	28998	ACAACAACA	+
NC_045512.2 Severe acute respiratory syndrome coronavirus 2 isolate Wuhan-Hu-1, complete genome	AGA	29903	3076	3084	AGAAGAAGA	+
NC_045512.2 Severe acute respiratory syndrome coronavirus 2 isolate Wuhan-Hu-1, complete genome	AGA	29903	3190	3198	AGAAGAAGA	+
NC_045512.2 Severe acute respiratory syndrome coronavirus 2 isolate Wuhan-Hu-1, complete genome	AGT	29903	23089	23097	AGTAGTAGT	+
NC_045512.2 Severe acute respiratory syndrome coronavirus 2 isolate Wuhan-Hu-1, complete genome	ATC	29903	11911	11919	ATCATCATC	+
NC_045512.2 Severe acute respiratory syndrome coronavirus 2 isolate Wuhan-Hu-1, complete genome	ATG	29903	11367	11375	ATGATGATG	+
NC_045512.2 Severe acute respiratory syndrome coronavirus 2 isolate Wuhan-Hu-1, complete genome	CAA	29903	28988	28999	CAACAACAACAA	+
NC_045512.2 Severe acute respiratory syndrome coronavirus 2 isolate Wuhan-Hu-1, complete genome	CGA	29903	26192	26200	CGACGACGA	+
NC_045512.2 Severe acute respiratory syndrome coronavirus 2 isolate Wuhan-Hu-1, complete genome	CTG	29903	29022	29030	CTGCTGCTG	+
NC_045512.2 Severe acute respiratory syndrome coronavirus 2 isolate Wuhan-Hu-1, complete genome	CTT	29903	4737	4745	CTTCTTCTT	+
NC_045512.2 Severe acute respiratory syndrome coronavirus 2 isolate Wuhan-Hu-1, complete genome	CTT	29903	14757	14765	CTTCTTCTT	+
NC_045512.2 Severe acute respiratory syndrome coronavirus 2 isolate Wuhan-Hu-1, complete genome	GAA	29903	3056	3064	GAAGAAGAA	+
NC_045512.2 Severe acute respiratory syndrome coronavirus 2 isolate Wuhan-Hu-1, complete genome	GAA	29903	3074	3082	GAAGAAGAA	+
NC_045512.2 Severe acute respiratory syndrome coronavirus 2 isolate Wuhan-Hu-1, complete genome	GAC	29903	26193	26201	GACGACGAC	+
NC_045512.2 Severe acute respiratory syndrome coronavirus 2 isolate Wuhan-Hu-1, complete genome	GAT	29903	3206	3214	GATGATGAT	+
NC_045512.2 Severe acute respiratory syndrome coronavirus 2 isolate Wuhan-Hu-1, complete genome	GAT	29903	13897	13905	GATGATGAT	+
NC_045512.2 Severe acute respiratory syndrome coronavirus 2 isolate Wuhan-Hu-1, complete genome	GCT	29903	28936	28944	GCTGCTGCT	+
NC_045512.2 Severe acute respiratory syndrome coronavirus 2 isolate Wuhan-Hu-1, complete genome	GTA	29903	23090	23098	GTAGTAGTA	+
NC_045512.2 Severe acute respiratory syndrome coronavirus 2 isolate Wuhan-Hu-1, complete genome	GTG	29903	28557	28565	GTGGTGGTG	+
NC_045512.2 Severe acute respiratory syndrome coronavirus 2 isolate Wuhan-Hu-1, complete genome	GTT	29903	25644	25652	GTTGTTGTT	+
NC_045512.2 Severe acute respiratory syndrome coronavirus 2 isolate Wuhan-Hu-1, complete genome	TCT	29903	4739	4747	TCTTCTTCT	+
NC_045512.2 Severe acute respiratory syndrome coronavirus 2 isolate Wuhan-Hu-1, complete genome	TGA	29903	13896	13904	TGATGATGA	+
NC_045512.2 Severe acute respiratory syndrome coronavirus 2 isolate Wuhan-Hu-1, complete genome	TGC	29903	28935	28943	TGCTGCTGC	+
NC_045512.2 Severe acute respiratory syndrome coronavirus 2 isolate Wuhan-Hu-1, complete genome	TGT	29903	25643	25651	TGTTGTTGT	+
NC_045512.2 Severe acute respiratory syndrome coronavirus 2 isolate Wuhan-Hu-1, complete genome	TTC	29903	627	635	TTCTTCTTC	+
NC_045512.2 Severe acute respiratory syndrome coronavirus 2 isolate Wuhan-Hu-1, complete genome	TTC	29903	4738	4746	TTCTTCTTC	+
NC_045512.2 Severe acute respiratory syndrome coronavirus 2 isolate Wuhan-Hu-1, complete genome	TTC	29903	22321	22329	TTCTTCTTC	+
